{
  "model": {
    "type": "select",
    "property": "rpgplugin:model_key",
    "fallback": {
      "type": "model",
      "model": "item/redstone"
    },
    "cases": [
      { "when": "str", "model": {"type": "model", "model": "item/str"} },
      { "when": "agi", "model": {"type": "model", "model": "item/agi"} },
      { "when": "hp",  "model": {"type": "model", "model": "item/hp"} },
      { "when": "def", "model": {"type": "model", "model": "item/def"} },
      { "when": "crit", "model": {"type": "model", "model": "item/crit"} }
    ]
  }
}
