{
    "model":    {
        "type": "select",
        "property": "custom_model_data",
        "fallback": {
            "type": "model",
            "model": "item/redstone"
        },
        "cases":    [
            { "when": "1001", "model": {"type": "model", "model": "item/str"}}
            { "when": "1002", "model": {"type": "model", "model": "item/agi"}}
            { "when": "1003", "model": {"type": "model", "model": "item/hp"}}
            { "when": "1004", "model": {"type": "model", "model": "item/def"}}
            { "when": "1005", "model": {"type": "model", "model": "item/crit"}}
        ]
    }
}