{
	"format_version": "1.21.6",
	"credit": "Made with Blockbench",
	"texture_size": [64, 64],
	"textures": {
		"1": "item/uni_horn"
	},
	"elements": [
		{
			"from": [4, 0, 4],
			"to": [12, 8, 12],
			"rotation": {"angle": 0, "axis": "y", "origin": [10, 0, 4]},
			"faces": {
				"north": {"uv": [0, 0, 2, 2], "texture": "#1"},
				"east": {"uv": [0, 2, 2, 4], "texture": "#1"},
				"south": {"uv": [2, 0, 4, 2], "texture": "#1"},
				"west": {"uv": [2, 2, 4, 4], "texture": "#1"},
				"up": {"uv": [2, 6, 0, 4], "texture": "#1"},
				"down": {"uv": [6, 0, 4, 2], "texture": "#1"}
			}
		},
		{
			"from": [6, 17, 6],
			"to": [10, 29, 10],
			"rotation": {"angle": 0, "axis": "y", "origin": [8, 16, 6]},
			"faces": {
				"north": {"uv": [0, 6, 1, 9], "texture": "#1"},
				"east": {"uv": [6, 0, 7, 3], "texture": "#1"},
				"south": {"uv": [1, 6, 2, 9], "texture": "#1"},
				"west": {"uv": [2, 6.25, 3, 9.25], "texture": "#1"},
				"up": {"uv": [6.5, 4, 5.5, 3], "texture": "#1"},
				"down": {"uv": [5.5, 6.5, 4.5, 7.5], "texture": "#1"}
			}
		},
		{
			"from": [5, 8, 5],
			"to": [11, 17, 11],
			"rotation": {"angle": 0, "axis": "y", "origin": [8, 7, 6]},
			"faces": {
				"north": {"uv": [2, 4, 3.5, 6.25], "texture": "#1"},
				"east": {"uv": [4, 2, 5.5, 4.25], "texture": "#1"},
				"south": {"uv": [3.5, 4.25, 5, 6.5], "texture": "#1"},
				"west": {"uv": [5, 4.25, 6.5, 6.5], "texture": "#1"},
				"up": {"uv": [4.5, 8, 3, 6.5], "texture": "#1"},
				"down": {"uv": [8, 3, 6.5, 4.5], "texture": "#1"}
			}
		}
	],
	"display": {
		"thirdperson_righthand": {
			"scale": [0.25, 0.25, 0.25]
		},
		"thirdperson_lefthand": {
			"scale": [0.25, 0.25, 0.25]
		},
		"firstperson_righthand": {
			"scale": [0.25, 0.25, 0.25]
		},
		"firstperson_lefthand": {
			"scale": [0.25, 0.25, 0.25]
		},
		"ground": {
			"rotation": [45, 0, 0],
			"scale": [0.5, 0.5, 0.5]
		},
		"gui": {
			"rotation": [0, 0, -45],
			"translation": [-2.5, -2.5, 0],
			"scale": [0.6, 0.6, 0.6]
		},
		"head": {
			"rotation": [-55, 0, 0],
			"translation": [0, 4.25, -8],
			"scale": [0.5, 0.5, 0.5]
		},
		"fixed": {
			"rotation": [0, 0, 45],
			"translation": [1.75, -2.25, 0],
			"scale": [0.5, 0.5, 0.5]
		}
	},
	"groups": [
		{
			"name": "group",
			"origin": [8, 7, 6],
			"color": 0,
			"children": [0, 1, 2]
		}
	]
}