{
  "music.seebomb": {
    "sounds": [
      {
        "name": "music/seebomb",
        "stream": true
      }
    ]
  },
  "music.stay": {
    "sounds": [
      {
        "name": "music/stay",
        "stream": true
      }
    ]
  },
  "music.sannabi_observer": {
    "sounds": [
      {
        "name": "music/sanabi_observer",
        "stream": true
      }
    ]
  },
  "music.christmas": {
    "sounds": [
      {
        "name": "music/christmas",
        "stream": true
      }
    ]
  }
}
