{
	"format_version": "1.21.6",
	"credit": "Made with Blockbench",
	"texture_size": [64, 64],
	"textures": {
		"4": "item/wasteland"
	},
	"elements": [
		{
			"from": [5.75, 8.5, 6.5],
			"to": [8.75, 11.5, 9.5],
			"rotation": {"angle": -7.5, "axis": "z", "origin": [7.25, 1.5, 6]},
			"faces": {
				"north": {"uv": [1, 2.25, 1.75, 3], "texture": "#4"},
				"east": {"uv": [1.75, 2.25, 2.5, 3], "texture": "#4"},
				"south": {"uv": [2.5, 2.25, 3.25, 3], "texture": "#4"},
				"west": {"uv": [3, 0.25, 3.75, 1], "texture": "#4"},
				"up": {"uv": [1.75, 3.75, 1, 3], "texture": "#4"},
				"down": {"uv": [3.75, 1, 3, 1.75], "texture": "#4"}
			}
		},
		{
			"from": [6.75, 0.5, 6.25],
			"to": [9.25, 8.5, 9.75],
			"rotation": {"angle": 0, "axis": "y", "origin": [8, -2, 6]},
			"faces": {
				"north": {"uv": [0.25, 2.25, 0.875, 4.25], "texture": "#4"},
				"east": {"uv": [0.25, 0.25, 1.125, 2.25], "texture": "#4"},
				"south": {"uv": [2.25, 0.25, 2.875, 2.25], "texture": "#4"},
				"west": {"uv": [1.25, 0.25, 2.125, 2.25], "texture": "#4"},
				"up": {"uv": [2.375, 3.875, 1.75, 3], "texture": "#4"},
				"down": {"uv": [3.125, 3, 2.5, 3.875], "texture": "#4"}
			}
		},
		{
			"from": [11, 6, 5],
			"to": [12.5, 9.5, 6.5],
			"rotation": {"angle": 40, "axis": "z", "origin": [11.75, 3, 3]},
			"faces": {
				"north": {"uv": [3.25, 2.75, 3.625, 3.625], "texture": "#4"},
				"east": {"uv": [3.75, 0.25, 4.125, 1.125], "texture": "#4"},
				"south": {"uv": [1, 3.75, 1.375, 4.625], "texture": "#4"},
				"west": {"uv": [3.75, 1.25, 4.125, 2.125], "texture": "#4"},
				"up": {"uv": [4.625, 0.625, 4.25, 0.25], "texture": "#4"},
				"down": {"uv": [4.625, 0.75, 4.25, 1.125], "texture": "#4"}
			}
		},
		{
			"from": [11, 6, 6.5],
			"to": [12.5, 7.75, 9.5],
			"rotation": {"angle": 40, "axis": "z", "origin": [11.75, 3, 3]},
			"faces": {
				"north": {"uv": [4, 2.25, 4.375, 2.75], "texture": "#4"},
				"east": {"uv": [3, 1.75, 3.75, 2.25], "texture": "#4"},
				"south": {"uv": [0.25, 4.25, 0.625, 4.75], "texture": "#4"},
				"west": {"uv": [3.25, 2.25, 4, 2.75], "texture": "#4"},
				"up": {"uv": [2.375, 4.75, 2, 4], "texture": "#4"},
				"down": {"uv": [2.875, 4, 2.5, 4.75], "texture": "#4"}
			}
		},
		{
			"from": [11, 6, 9.5],
			"to": [12.5, 9.5, 11],
			"rotation": {"angle": 40, "axis": "z", "origin": [11.75, 3, 8]},
			"faces": {
				"north": {"uv": [3.75, 2.75, 4.125, 3.625], "texture": "#4"},
				"east": {"uv": [3.25, 3.75, 3.625, 4.625], "texture": "#4"},
				"south": {"uv": [3.75, 3.75, 4.125, 4.625], "texture": "#4"},
				"west": {"uv": [1.5, 4, 1.875, 4.875], "texture": "#4"},
				"up": {"uv": [4.625, 1.625, 4.25, 1.25], "texture": "#4"},
				"down": {"uv": [4.625, 1.75, 4.25, 2.125], "texture": "#4"}
			}
		},
		{
			"from": [6.5, 0.25, 6],
			"to": [9.5, 8.75, 10],
			"rotation": {"angle": 0, "axis": "y", "origin": [8, -2, 6]},
			"faces": {
				"north": {"uv": [1.25, 9.5, 2, 11.5], "texture": "#4"},
				"east": {"uv": [0.25, 9.5, 1.25, 11.5], "texture": "#4"},
				"south": {"uv": [3, 9.5, 3.75, 11.5], "texture": "#4"},
				"west": {"uv": [2, 9.5, 3, 11.5], "texture": "#4"},
				"up": {"uv": [2, 9.5, 1.25, 8.5], "texture": "#4"},
				"down": {"uv": [2.75, 8.5, 2, 9.5], "texture": "#4"}
			}
		},
		{
			"from": [12.75, 5.75, 4.75],
			"to": [12.75, 9.75, 11.25],
			"rotation": {"angle": 40, "axis": "z", "origin": [11.75, 3, 3]},
			"faces": {
				"north": {"uv": [8.5, 8.4375, 8.5, 9.4375], "texture": "#4"},
				"east": {"uv": [8.5625, 8.6875, 10.1875, 9.5625], "texture": "#4"},
				"south": {"uv": [8.5, 8.4375, 8.5, 9.4375], "texture": "#4"},
				"west": {"uv": [8.625, 9.5, 10.1875, 10.5], "texture": "#4"},
				"up": {"uv": [8.5, 10.0625, 8.5, 8.4375], "texture": "#4"},
				"down": {"uv": [8.5, 8.4375, 8.5, 10.0625], "texture": "#4"}
			}
		},
		{
			"from": [10.75, 5.75, 4.75],
			"to": [12.75, 9.75, 4.75],
			"rotation": {"angle": 40, "axis": "z", "origin": [11.75, 3, 3]},
			"faces": {
				"north": {"uv": [8.5625, 10.75, 9.0625, 11.6875], "texture": "#4"},
				"east": {"uv": [8.5, 8.5, 8.5, 9.5], "texture": "#4"},
				"south": {"uv": [9, 10.5, 9.5, 11.5], "texture": "#4"},
				"west": {"uv": [8.5, 8.5, 8.5, 9.5], "texture": "#4"},
				"up": {"uv": [9, 8.5, 8.5, 8.5], "texture": "#4"},
				"down": {"uv": [9, 8.5, 8.5, 8.5], "texture": "#4"}
			}
		},
		{
			"from": [10.75, 9.75, 4.75],
			"to": [12.75, 9.75, 11.25],
			"rotation": {"angle": 40, "axis": "z", "origin": [11.75, 3, 3]},
			"faces": {
				"north": {"uv": [8.5, 8.5, 9, 8.5], "texture": "#4"},
				"east": {"uv": [8.5, 8.5, 10.125, 8.5], "texture": "#4"},
				"south": {"uv": [8.5, 8.5, 9, 8.5], "texture": "#4"},
				"west": {"uv": [8.5, 8.5, 10.125, 8.5], "texture": "#4"},
				"up": {"uv": [10.75, 10.125, 10.3125, 8.625], "texture": "#4"},
				"down": {"uv": [10.75, 10.25, 10.25, 11.875], "texture": "#4"}
			}
		},
		{
			"from": [10.75, 5.75, 11.25],
			"to": [12.75, 9.75, 11.25],
			"rotation": {"angle": 40, "axis": "z", "origin": [11.75, 3, 3]},
			"faces": {
				"north": {"uv": [9.5, 10.5, 10, 11.5], "texture": "#4"},
				"east": {"uv": [8.5, 8.5, 8.5, 9.5], "texture": "#4"},
				"south": {"uv": [10.8125, 8.625, 11.3125, 9.625], "texture": "#4"},
				"west": {"uv": [8.5, 8.5, 8.5, 9.5], "texture": "#4"},
				"up": {"uv": [9, 8.5, 8.5, 8.5], "texture": "#4"},
				"down": {"uv": [9, 8.5, 8.5, 8.5], "texture": "#4"}
			}
		},
		{
			"from": [4.75, 8.5, 6.24],
			"to": [8.25, 12, 6.24],
			"rotation": {"angle": -12.5, "axis": "z", "origin": [6.5, 1.75, 5.75]},
			"faces": {
				"north": {"uv": [8.3125, 0.0625, 9.1875, 0.9375], "texture": "#4"},
				"east": {"uv": [8.5, 0.25, 8.5, 1.125], "texture": "#4"},
				"south": {"uv": [8.3125, 1, 9.1875, 1.875], "texture": "#4"},
				"west": {"uv": [8.5, 0.25, 8.5, 1.125], "texture": "#4"},
				"up": {"uv": [9.375, 0.25, 8.5, 0.25], "texture": "#4"},
				"down": {"uv": [9.375, 0.25, 8.5, 0.25], "texture": "#4"}
			}
		},
		{
			"from": [7.67322, 8.58397, 6.25],
			"to": [10.17322, 12.08397, 6.25],
			"rotation": {"angle": 17.5, "axis": "z", "origin": [8.42322, 1.83397, 5.75]},
			"faces": {
				"north": {"uv": [10.3125, 2.0625, 10.9375, 2.9375], "texture": "#4"},
				"east": {"uv": [8.5, 0.25, 8.5, 1.125], "texture": "#4"},
				"south": {"uv": [11.0625, 2.0625, 11.6875, 2.9375], "texture": "#4"},
				"west": {"uv": [8.5, 0.25, 8.5, 1.125], "texture": "#4"},
				"up": {"uv": [9.125, 0.25, 8.5, 0.25], "texture": "#4"},
				"down": {"uv": [9.125, 0.25, 8.5, 0.25], "texture": "#4"}
			}
		},
		{
			"from": [7.67322, 8.58397, 9.75],
			"to": [10.17322, 12.08397, 9.75],
			"rotation": {"angle": 17.5, "axis": "z", "origin": [8.42322, 1.83397, 9.25]},
			"faces": {
				"north": {"uv": [8.3125, 3.0625, 8.9375, 3.9375], "texture": "#4"},
				"east": {"uv": [8.5, 0.25, 8.5, 1.125], "texture": "#4"},
				"south": {"uv": [11.3125, 0.0625, 11.875, 0.9375], "texture": "#4"},
				"west": {"uv": [8.5, 0.25, 8.5, 1.125], "texture": "#4"},
				"up": {"uv": [9.125, 0.25, 8.5, 0.25], "texture": "#4"},
				"down": {"uv": [9.125, 0.25, 8.5, 0.25], "texture": "#4"}
			}
		},
		{
			"from": [7.67322, 8.58397, 6.25],
			"to": [7.67322, 12.08397, 9.75],
			"rotation": {"angle": 17.5, "axis": "z", "origin": [8.42322, 1.83397, 9.25]},
			"faces": {
				"north": {"uv": [8.5, 0.25, 8.5, 1.125], "texture": "#4"},
				"east": {"uv": [9.3125, 0.0625, 10.1875, 0.9375], "texture": "#4"},
				"south": {"uv": [8.5, 0.25, 8.5, 1.125], "texture": "#4"},
				"west": {"uv": [9.3125, 1, 10.1875, 1.875], "texture": "#4"},
				"up": {"uv": [8.5, 1.125, 8.5, 0.25], "texture": "#4"},
				"down": {"uv": [8.5, 0.25, 8.5, 1.125], "texture": "#4"}
			}
		},
		{
			"from": [7.67322, 12.08397, 6.25],
			"to": [10.17322, 12.08397, 9.75],
			"rotation": {"angle": 17.5, "axis": "z", "origin": [8.42322, 1.83397, 9.25]},
			"faces": {
				"north": {"uv": [8.5, 0.25, 9.125, 0.25], "texture": "#4"},
				"east": {"uv": [8.5, 0.25, 9.375, 0.25], "texture": "#4"},
				"south": {"uv": [8.5, 0.25, 9.125, 0.25], "texture": "#4"},
				"west": {"uv": [8.5, 0.25, 9.375, 0.25], "texture": "#4"},
				"up": {"uv": [9.6875, 3.9375, 9.0625, 3.0625], "texture": "#4"},
				"down": {"uv": [11.875, 1, 11.3125, 1.9375], "texture": "#4"}
			}
		},
		{
			"from": [4.75, 8.5, 9.76],
			"to": [8.25, 12, 9.76],
			"rotation": {"angle": -12.5, "axis": "z", "origin": [6.5, 1.75, 9.25]},
			"faces": {
				"north": {"uv": [8.25, 2.0625, 9.125, 2.9375], "texture": "#4"},
				"east": {"uv": [8.5, 0.25, 8.5, 1.125], "texture": "#4"},
				"south": {"uv": [10.25, 0.0625, 11.125, 0.9375], "texture": "#4"},
				"west": {"uv": [8.5, 0.25, 8.5, 1.125], "texture": "#4"},
				"up": {"uv": [9.375, 0.25, 8.5, 0.25], "texture": "#4"},
				"down": {"uv": [9.375, 0.25, 8.5, 0.25], "texture": "#4"}
			}
		},
		{
			"from": [4.74978, 11.99902, 6.241],
			"to": [8.24978, 11.99902, 9.761],
			"rotation": {"angle": -12.5, "axis": "z", "origin": [6.49978, 1.74902, 9.241]},
			"faces": {
				"north": {"uv": [8.5, 0.25, 9.375, 0.25], "texture": "#4"},
				"east": {"uv": [8.5, 0.25, 9.375, 0.25], "texture": "#4"},
				"south": {"uv": [8.5, 0.25, 9.375, 0.25], "texture": "#4"},
				"west": {"uv": [8.5, 0.25, 9.375, 0.25], "texture": "#4"},
				"up": {"uv": [10.1875, 2.9375, 9.3125, 2.0625], "texture": "#4"},
				"down": {"uv": [11.125, 1.0625, 10.25, 1.9375], "texture": "#4"}
			}
		},
		{
			"from": [4.41187, 12.80193, 6.25],
			"to": [5.91187, 12.80193, 9.75],
			"rotation": {"angle": -35, "axis": "z", "origin": [5.16187, 2.55193, 9.25]},
			"faces": {
				"north": {"uv": [8.5, 0.25, 8.875, 0.25], "texture": "#4"},
				"east": {"uv": [8.5, 0.25, 9.375, 0.25], "texture": "#4"},
				"south": {"uv": [8.5, 0.25, 8.875, 0.25], "texture": "#4"},
				"west": {"uv": [8.5, 0.25, 9.375, 0.25], "texture": "#4"},
				"up": {"uv": [12.1875, 2.9375, 11.8125, 2.0625], "texture": "#4"},
				"down": {"uv": [12.1875, 3.0625, 11.8125, 3.9375], "texture": "#4"}
			}
		},
		{
			"from": [4.41187, 8.80193, 6.25],
			"to": [5.91187, 12.80193, 6.25],
			"rotation": {"angle": -35, "axis": "z", "origin": [5.16187, 2.55193, 9.25]},
			"faces": {
				"north": {"uv": [9.8125, 3.0625, 10.1875, 4.0625], "texture": "#4"},
				"east": {"uv": [8.5, 0.25, 8.5, 1.25], "texture": "#4"},
				"south": {"uv": [10.3125, 3.0625, 10.6875, 4.0625], "texture": "#4"},
				"west": {"uv": [8.5, 0.25, 8.5, 1.25], "texture": "#4"},
				"up": {"uv": [8.875, 0.25, 8.5, 0.25], "texture": "#4"},
				"down": {"uv": [8.875, 0.25, 8.5, 0.25], "texture": "#4"}
			}
		},
		{
			"from": [4.41245, 8.80275, 9.749],
			"to": [5.91245, 12.80275, 9.749],
			"rotation": {"angle": -35, "axis": "z", "origin": [5.16245, 2.55275, 12.749]},
			"faces": {
				"north": {"uv": [10.8125, 3.0625, 11.125, 4.0625], "texture": "#4"},
				"east": {"uv": [8.5, 0.25, 8.5, 1.25], "texture": "#4"},
				"south": {"uv": [11.3125, 3.0625, 11.6875, 4.0625], "texture": "#4"},
				"west": {"uv": [8.5, 0.25, 8.5, 1.25], "texture": "#4"},
				"up": {"uv": [8.875, 0.25, 8.5, 0.25], "texture": "#4"},
				"down": {"uv": [8.875, 0.25, 8.5, 0.25], "texture": "#4"}
			}
		}
	],
	"display": {
		"head": {
			"rotation": [-180, 90, -180],
			"translation": [0, -14.75, 0],
			"scale": [4, 4, 4]
		}
	},
	"groups": [
		{
			"name": "body",
			"origin": [8, 2, 6],
			"color": 0,
			"children": [0, 1, 2, 3, 4]
		},
		{
			"name": "Robe",
			"origin": [8, -2, 6],
			"color": 0,
			"children": [5, 6, 7, 8, 9]
		},
		{
			"name": "group",
			"origin": [7.25, 1.5, 6],
			"color": 0,
			"children": [10, 11, 12, 13, 14, 15, 16, 17, 18, 19]
		}
	]
}